{
  "gpr4_active": {
    "fixed_xi_j_mol": -53.5,
    "old_adhoc_xi_j_mol": -53.5,
    "ph": {
      "8.0": {
        "nblocks": 70,
        "fold_frac": 0.9428571428571428,
        "fc_pct": 13.333333333333334,
        "mean_abs_coupling_kj_mol": 7.2700377963341785
      },
      "7.5": {
        "nblocks": 70,
        "fold_frac": 0.9428571428571428,
        "fc_pct": 11.851851851851853,
        "mean_abs_coupling_kj_mol": 7.185266129672429
      },
      "7.0": {
        "nblocks": 70,
        "fold_frac": 0.9428571428571428,
        "fc_pct": 14.814814814814813,
        "mean_abs_coupling_kj_mol": 7.031337873287459
      },
      "6.5": {
        "nblocks": 70,
        "fold_frac": 0.9428571428571428,
        "fc_pct": 18.51851851851852,
        "mean_abs_coupling_kj_mol": 6.728074141402786
      },
      "6.0": {
        "nblocks": 70,
        "fold_frac": 0.9428571428571428,
        "fc_pct": 15.185185185185185,
        "mean_abs_coupling_kj_mol": 6.402871043012772
      },
      "5.5": {
        "nblocks": 70,
        "fold_frac": 0.9428571428571428,
        "fc_pct": 10.74074074074074,
        "mean_abs_coupling_kj_mol": 5.600667491705034
      },
      "5.0": {
        "nblocks": 70,
        "fold_frac": 0.9428571428571428,
        "fc_pct": 10.74074074074074,
        "mean_abs_coupling_kj_mol": 5.92414089017914
      }
    }
  },
  "gpr4_inactive": {
    "fixed_xi_j_mol": -51.52226500532981,
    "old_adhoc_xi_j_mol": -53.7,
    "ph": {
      "8.0": {
        "nblocks": 71,
        "fold_frac": 0.9577464788732394,
        "fc_pct": 11.851851851851853,
        "mean_abs_coupling_kj_mol": 4.9991798260007645
      },
      "7.5": {
        "nblocks": 71,
        "fold_frac": 0.9577464788732394,
        "fc_pct": 10.37037037037037,
        "mean_abs_coupling_kj_mol": 4.992421745091025
      },
      "7.0": {
        "nblocks": 71,
        "fold_frac": 0.9577464788732394,
        "fc_pct": 13.333333333333334,
        "mean_abs_coupling_kj_mol": 4.940713372478317
      },
      "6.5": {
        "nblocks": 71,
        "fold_frac": 0.9577464788732394,
        "fc_pct": 14.814814814814813,
        "mean_abs_coupling_kj_mol": 4.915230324177372
      },
      "6.0": {
        "nblocks": 71,
        "fold_frac": 0.9577464788732394,
        "fc_pct": 17.77777777777778,
        "mean_abs_coupling_kj_mol": 4.876976207666849
      },
      "5.5": {
        "nblocks": 71,
        "fold_frac": 0.9577464788732394,
        "fc_pct": 18.51851851851852,
        "mean_abs_coupling_kj_mol": 5.0048113742521325
      },
      "5.0": {
        "nblocks": 71,
        "fold_frac": 0.9577464788732394,
        "fc_pct": 19.62962962962963,
        "mean_abs_coupling_kj_mol": 5.0285861719769684
      }
    }
  },
  "gpr65_active": {
    "fixed_xi_j_mol": -49.3,
    "old_adhoc_xi_j_mol": -49.3,
    "ph": {
      "8.0": {
        "nblocks": 73,
        "fold_frac": 0.958904109589041,
        "fc_pct": 15.555555555555555,
        "mean_abs_coupling_kj_mol": 7.123662868647757
      },
      "7.5": {
        "nblocks": 73,
        "fold_frac": 0.958904109589041,
        "fc_pct": 17.037037037037038,
        "mean_abs_coupling_kj_mol": 7.095091969769607
      },
      "7.0": {
        "nblocks": 73,
        "fold_frac": 0.958904109589041,
        "fc_pct": 17.037037037037038,
        "mean_abs_coupling_kj_mol": 7.055656817096832
      },
      "6.5": {
        "nblocks": 73,
        "fold_frac": 0.958904109589041,
        "fc_pct": 17.037037037037038,
        "mean_abs_coupling_kj_mol": 6.911000106774073
      },
      "6.0": {
        "nblocks": 73,
        "fold_frac": 0.958904109589041,
        "fc_pct": 17.037037037037038,
        "mean_abs_coupling_kj_mol": 6.794991057795048
      },
      "5.5": {
        "nblocks": 73,
        "fold_frac": 0.958904109589041,
        "fc_pct": 17.037037037037038,
        "mean_abs_coupling_kj_mol": 6.7742359466926025
      },
      "5.0": {
        "nblocks": 73,
        "fold_frac": 0.958904109589041,
        "fc_pct": 17.77777777777778,
        "mean_abs_coupling_kj_mol": 6.574221826915148
      }
    }
  },
  "gpr65_inactive": {
    "fixed_xi_j_mol": -58.02982633930582,
    "old_adhoc_xi_j_mol": -57.1,
    "ph": {
      "8.0": {
        "nblocks": 71,
        "fold_frac": 0.9436619718309859,
        "fc_pct": 18.51851851851852,
        "mean_abs_coupling_kj_mol": 7.808829184448736
      },
      "7.5": {
        "nblocks": 71,
        "fold_frac": 0.9436619718309859,
        "fc_pct": 18.51851851851852,
        "mean_abs_coupling_kj_mol": 7.787383482909671
      },
      "7.0": {
        "nblocks": 71,
        "fold_frac": 0.9436619718309859,
        "fc_pct": 18.51851851851852,
        "mean_abs_coupling_kj_mol": 7.7975060853360585
      },
      "6.5": {
        "nblocks": 71,
        "fold_frac": 0.9436619718309859,
        "fc_pct": 18.51851851851852,
        "mean_abs_coupling_kj_mol": 7.857167493736227
      },
      "6.0": {
        "nblocks": 71,
        "fold_frac": 0.9436619718309859,
        "fc_pct": 18.51851851851852,
        "mean_abs_coupling_kj_mol": 7.974993062754145
      },
      "5.5": {
        "nblocks": 71,
        "fold_frac": 0.9436619718309859,
        "fc_pct": 17.037037037037038,
        "mean_abs_coupling_kj_mol": 8.365163936164087
      },
      "5.0": {
        "nblocks": 71,
        "fold_frac": 0.9436619718309859,
        "fc_pct": 16.666666666666664,
        "mean_abs_coupling_kj_mol": 8.966212977316665
      }
    }
  },
  "gpr68_active": {
    "fixed_xi_j_mol": -58.1,
    "old_adhoc_xi_j_mol": -58.1,
    "ph": {
      "8.0": {
        "nblocks": 69,
        "fold_frac": 0.8985507246376812,
        "fc_pct": 21.85185185185185,
        "mean_abs_coupling_kj_mol": 10.53798159115215
      },
      "7.5": {
        "nblocks": 69,
        "fold_frac": 0.8985507246376812,
        "fc_pct": 20.74074074074074,
        "mean_abs_coupling_kj_mol": 10.543582912219529
      },
      "7.0": {
        "nblocks": 69,
        "fold_frac": 0.8985507246376812,
        "fc_pct": 19.25925925925926,
        "mean_abs_coupling_kj_mol": 10.577320958958932
      },
      "6.5": {
        "nblocks": 69,
        "fold_frac": 0.8985507246376812,
        "fc_pct": 17.77777777777778,
        "mean_abs_coupling_kj_mol": 10.674663945893036
      },
      "6.0": {
        "nblocks": 69,
        "fold_frac": 0.8985507246376812,
        "fc_pct": 17.77777777777778,
        "mean_abs_coupling_kj_mol": 10.4253156223479
      },
      "5.5": {
        "nblocks": 69,
        "fold_frac": 0.8985507246376812,
        "fc_pct": 7.4074074074074066,
        "mean_abs_coupling_kj_mol": 10.1776664496835
      },
      "5.0": {
        "nblocks": 69,
        "fold_frac": 0.8985507246376812,
        "fc_pct": 4.444444444444445,
        "mean_abs_coupling_kj_mol": 10.180244420616118
      }
    }
  },
  "gpr68_inactive": {
    "fixed_xi_j_mol": -53.53313871668057,
    "old_adhoc_xi_j_mol": -54.3,
    "ph": {
      "8.0": {
        "nblocks": 69,
        "fold_frac": 0.9710144927536232,
        "fc_pct": 20.74074074074074,
        "mean_abs_coupling_kj_mol": 6.338161957866719
      },
      "7.5": {
        "nblocks": 69,
        "fold_frac": 0.9710144927536232,
        "fc_pct": 17.77777777777778,
        "mean_abs_coupling_kj_mol": 6.389909134400085
      },
      "7.0": {
        "nblocks": 69,
        "fold_frac": 0.9710144927536232,
        "fc_pct": 19.25925925925926,
        "mean_abs_coupling_kj_mol": 6.482781315761514
      },
      "6.5": {
        "nblocks": 69,
        "fold_frac": 0.9710144927536232,
        "fc_pct": 19.25925925925926,
        "mean_abs_coupling_kj_mol": 6.549454959035653
      },
      "6.0": {
        "nblocks": 69,
        "fold_frac": 0.9710144927536232,
        "fc_pct": 17.77777777777778,
        "mean_abs_coupling_kj_mol": 6.223249484203936
      },
      "5.5": {
        "nblocks": 69,
        "fold_frac": 0.9710144927536232,
        "fc_pct": 16.296296296296298,