{
  "pair": "path_a_ph7.4",
  "active_label": "8ZCF (pH 7.5 deposition)",
  "ph": 7.4,
  "diagnostics": {
    "pair": "path_a_ph7.4",
    "active_pdb": "/home/user/python-potato/examples/data/gpr4_structures/clean_active/8ZCF_pH7.5.pdb",
    "active_pdb_sha256_16": "6323652890389891",
    "inactive_pdb": "/home/user/python-potato/examples/data/gpr4_structures/clean_inactive/9JFU_clean.pdb",
    "inactive_pdb_sha256_16": "3314e326978c945b",
    "tm_ranges": {
      "TM1": [
        19,
        47
      ],
      "TM2": [
        51,
        78
      ],
      "TM3": [
        100,
        120
      ],
      "TM4": [
        131,
        149
      ],
      "TM5": [
        192,
        210
      ],
      "TM6": [
        216,
        253
      ],
      "TM7": [
        259,
        286
      ]
    },
    "dry_anchor": {
      "3.49": 114,
      "3.50": 115,
      "3.51": 116
    },
    "npxxy_anchor": {
      "7.49": 282,
      "7.50": 283,
      "7.53": 286
    },
    "raw_common_resnum_count": 272,
    "raw_whole_chain_rmsd_angstrom": 35.38383102416992,
    "invariant_core_common_resnum_count": 143,
    "invariant_core_active_total_count": 144,
    "invariant_core_coverage_fraction": 0.9930555555555556,
    "invariant_core_superposition_rms_angstrom": 1.7595386099336254,
    "per_helix_rmsd_post_superposition": {
      "TM1": 1.3580726385116577,
      "TM2": 2.108877420425415,
      "TM3": 0.7284435629844666,
      "TM4": 0.6829568147659302,
      "TM5": 2.421005964279175,
      "TM6": 3.7026994228363037,
      "TM7": 2.21834397315979
    },
    "tm6_cytoplasmic_displacement_angstrom": 8.335549354553223,
    "tm6_tip_resnums": [
      216,
      217,
      218
    ],
    "tm6_gate_4A_passed": true,
    "outlier_rejection_cutoff_angstrom": 3.0,
    "outlier_rejection_kept_n": 209,
    "outlier_rejection_total_n": 272,
    "outlier_rejection_rms_angstrom": 1.6223812979201555,
    "outlier_vs_bw_core_overlap_fraction": 0.8958333333333334
  },
  "core_span": [
    19,
    286
  ],
  "core_endpoint_rmsd_angstrom": 3.1910994052886963,
  "n_common_path_residues": 261,
  "n_images": 11,
  "minimize_iterations": 150,
  "endpoint_active_G": -9515.701454635366,
  "endpoint_inactive_G": -9393.627678839182,
  "endpoint_shift_inactive_minus_active": 122.07377579618333,
  "peak_f": 0.5,
  "peak_G": -8913.187333420037,
  "barrier_vs_lower_endpoint_kcal_mol": 602.5141212153285,
  "config_hash": "6e1b31f3e520247c",
  "git_commit": "191de8b7dbfdaa876676bd2cbb146ab19f1c78a8"
}