{
  "Node21": {
    "M": {
      "xi3": [
        0.5015016992629363,
        0.9213409192384038
      ],
      "xi5": [
        0.9246824128933249,
        0.8685003792017599
      ],
      "flip": "False"
    },
    "P": {
      "xi3": [
        0.5433394087830824,
        0.36805607571890653
      ],
      "xi5": [
        -0.04627698719956297,
        0.20330387704163042
      ],
      "flip": "True"
    }
  },
  "Node20": {
    "M": {
      "xi3": [
        0.34873574353042575,
        0.9225395215522973
      ],
      "xi5": [
        0.15129500394228118,
        0.9039724760471524
      ],
      "flip": "False"
    },
    "P": {
      "xi3": [
        0.01818735181502224,
        0.0005223827684944039
      ],
      "xi5": [
        -0.005615494501756357,
        0.001755313116037411
      ],
      "flip": "True"
    }
  },
  "Node119": {
    "M": {
      "xi3": [
        1.2059090653427225,
        0.9136973195036866
      ],
      "xi5": [
        0.37189860679858455,
        0.9428341893201645
      ],
      "flip": "False"
    },
    "P": {
      "xi3": [
        0.49532001356016053,
        0.9025284283633902
      ],
      "xi5": [
        0.16283621326578013,
        0.6075010939827968
      ],
      "flip": "False"
    }
  },
  "Node32": {
    "M": {
      "xi3": [
        -1.4416647096419086,
        0.8063781865132938
      ],
      "xi5": [
        -1.0024670630014858,
        0.7817133004637924
      ],
      "flip": "False"
    },
    "P": {
      "xi3": [
        -2.4458720850215077,
        0.7850483516565288
      ],
      "xi5": [
        -0.686949799141601,
        0.6479104124629478
      ],
      "flip": "False"
    }
  },
  "Node34": {
    "M": {
      "xi3": [
        0.01363400166680741,
        0.03415363942486601
      ],
      "xi5": [
        0.08063236509365848,
        0.8226578131567629
      ],
      "flip": "False"
    },
    "P": {
      "xi3": [
        -0.3931256110832001,
        0.6034179755674908
      ],
      "xi5": [
        0.10898002729531373,
        0.43593376437245096
      ],
      "flip": "True"
    }
  }
}