{
  "Node22": {
    "M": {
      "slopes": {
        "-3.0": -0.7776294390666969,
        "-5.0": -0.9410333555908108
      },
      "r2s": {
        "-3.0": 0.7878913620977125,
        "-5.0": 0.7844818919219932
      },
      "sign_flip": "consistent"
    },
    "P": {
      "slopes": {
        "-3.0": -0.8183604741440096,
        "-5.0": -0.7672914556643005
      },
      "r2s": {
        "-3.0": 0.5381579823847076,
        "-5.0": 0.6914299108725719
      },
      "sign_flip": "consistent"
    }
  },
  "Node21": {
    "M": {
      "slopes": {
        "-3.0": 0.5015016992629363,
        "-5.0": 0.9246824128933249
      },
      "r2s": {
        "-3.0": 0.9213409192384038,
        "-5.0": 0.8685003792017599
      },
      "sign_flip": "consistent"
    },
    "P": {
      "slopes": {
        "-3.0": 0.5433394087830824,
        "-5.0": -0.04627698719956297
      },
      "r2s": {
        "-3.0": 0.36805607571890653,
        "-5.0": 0.20330387704163042
      },
      "sign_flip": "FLIP"
    }
  },
  "Node20": {
    "M": {
      "slopes": {
        "-3.0": 0.34873574353042575,
        "-5.0": 0.15129500394228118
      },
      "r2s": {
        "-3.0": 0.9225395215522973,
        "-5.0": 0.9039724760471524
      },
      "sign_flip": "consistent"
    },
    "P": {
      "slopes": {
        "-3.0": 0.01818735181502224,
        "-5.0": -0.005615494501756357
      },
      "r2s": {
        "-3.0": 0.0005223827684944039,
        "-5.0": 0.001755313116037411
      },
      "sign_flip": "FLIP"
    }
  },
  "Node80": {
    "M": {
      "slopes": {
        "-3.0": 0.6859901300440957,
        "-5.0": 0.2038819995156757
      },
      "r2s": {
        "-3.0": 0.9513297247312075,
        "-5.0": 0.892177258632315
      },
      "sign_flip": "consistent"
    },
    "P": {
      "slopes": {
        "-3.0": 0.18439107615246708,
        "-5.0": 0.06375984153086352
      },
      "r2s": {
        "-3.0": 0.40161877184830147,
        "-5.0": 0.6392239379053605
      },
      "sign_flip": "consistent"
    }
  },
  "Node119": {
    "M": {
      "slopes": {
        "-3.0": 1.2059090653427225,
        "-5.0": 0.37189860679858455
      },
      "r2s": {
        "-3.0": 0.9136973195036866,
        "-5.0": 0.9428341893201645
      },
      "sign_flip": "consistent"
    },
    "P": {
      "slopes": {
        "-3.0": 0.49532001356016053,
        "-5.0": 0.16283621326578013
      },
      "r2s": {
        "-3.0": 0.9025284283633902,
        "-5.0": 0.6075010939827968
      },
      "sign_flip": "consistent"
    }
  },
  "Node32": {
    "M": {
      "slopes": {
        "-3.0": -1.1563305160274118,
        "-5.0": -0.6183689688043156
      },
      "r2s": {
        "-3.0": 0.7033358184358551,
        "-5.0": 0.7700873861813541
      },
      "sign_flip": "consistent"
    },
    "P": {
      "slopes": {
        "-3.0": -2.5911494852197823,
        "-5.0": -0.7197607470178459
      },
      "r2s": {
        "-3.0": 0.7811118033996008,
        "-5.0": 0.6523318783537008
      },
      "sign_flip": "consistent"
    }
  },
  "Node34": {
    "M": {
      "slopes": {
        "-3.0": -0.008352912995350601,
        "-5.0": 0.1093253795772119
      },
      "r2s": {
        "-3.0": 0.01256810329914973,
        "-5.0": 0.7318670748836948
      },
      "sign_flip": "FLIP"
    },
    "P": {
      "slopes": {
        "-3.0": -0.3926978185972397,
        "-5.0": 0.16973149146893865
      },
      "r2s": {
        "-3.0": 0.5438508711860973,
        "-5.0": 0.45339777383553764
      },
      "sign_flip": "FLIP"
    }
  },
  "Node70": {
    "M": {
      "slopes": {
        "-3.0": 1.8861442735969074,
        "-5.0": 1.9574228966261364
      },
      "r2s": {
        "-3.0": 0.874110300524885,
        "-5.0": 0.924067073644604
      },
      "sign_flip": "consistent"
    },
    "P": {
      "slopes": {
        "-3.0": 0.8839484353409238,
        "-5.0": NaN
      },
      "r2s": {
        "-3.0": 0.1381121466827809,
        "-5.0": NaN
      },
      "sign_flip": "FLIP"
    }
  }
}